City Hotel,79330
Resort Hotel,40060
City Hotel,33102,41.72696
Resort Hotel,11122,27.76335
